{
  "project_info": {
    "project_number": "579969871938",
    "project_id": "projectmatchem",
    "storage_bucket": "projectmatchem.appspot.com"
  },
  "client": [
    {
      "client_info": {
        "mobilesdk_app_id": "1:579969871938:android:4da0013f2b740facd6bddb",
        "android_client_info": {
          "package_name": "com.androidatc.projectmatchem"
        }
      },
      "oauth_client": [
        {
          "client_id": "579969871938-vmqvrgkrvljk2cuku9qm0cmmae52udoc.apps.googleusercontent.com",
          "client_type": 3
        }
      ],
      "api_key": [
        {
          "current_key": "AIzaSyBpBW3tzR4-a1agZsM4bq_AfM8Qz2Ve_MU"
        }
      ],
      "services": {
        "appinvite_service": {
          "other_platform_oauth_client": [
            {
              "client_id": "579969871938-vmqvrgkrvljk2cuku9qm0cmmae52udoc.apps.googleusercontent.com",
              "client_type": 3
            }
          ]
        }
      }
    }
  ],
  "configuration_version": "1"
}